<?xml version="1.0" encoding="UTF-8" ?>
<extension type="package" version="2.5.0" method="upgrade">
    <name>EMS PAY - HihaShop Package</name>
    <description>EMS PAY HihaShop Package containing all available payment methods</description>
    <packagename>emspay</packagename>
    <author>Ginger Payments</author>
    <packager>Ginger Payments</packager>
    <creationDate>15 September 2020</creationDate>
    <copyright>Copyright 2020 - Ginger Payments B.V.</copyright>
    <license>The MIT License (MIT)</license>
    <authorEmail>plugins@gingerpayments.com</authorEmail>
    <authorUrl>https://www.gingerpayments.com</authorUrl>
    <version>1.5.2</version>
    <files folder="extensions">
        <file id="emspay" type="library">emspay.zip</file>
        <file id="emspayamex" type="plugin" group="hikashoppayment">emspayamex.zip</file>
        <file id="emspayafterpay" type="plugin" group="hikashoppayment">emspayafterpay.zip</file>
        <file id="emspayapplepay" type="plugin" group="hikashoppayment">emspayapplepay.zip</file>
        <file id="emspaybancontact" type="plugin" group="hikashoppayment">emspaybancontact.zip</file>
        <file id="emspaybanktransfer" type="plugin" group="hikashoppayment">emspaybanktransfer.zip</file>
        <file id="emspaycreditcard" type="plugin" group="hikashoppayment">emspaycreditcard.zip</file>
        <file id="emspayideal" type="plugin" group="hikashoppayment">emspayideal.zip</file>
        <file id="emspayklarnapaynow" type="plugin" group="hikashoppayment">emspayklarnapaynow.zip</file>
        <file id="emspayklarnapaylater" type="plugin" group="hikashoppayment">emspayklarnapaylater.zip</file>
        <file id="emspaypaypal" type="plugin" group="hikashoppayment">emspaypaypal.zip</file>
        <file id="emspaypayconiq" type="plugin" group="hikashoppayment">emspaypayconiq.zip</file>
        <file id="emspaytikkiepaymentrequest" type="plugin" group="hikashoppayment">emspaytikkiepaymentrequest.zip</file>
        <file id="emspaywechat" type="plugin" group="hikashoppayment">emspaywechat.zip</file>
    </files>
</extension>
