<?xml version="1.0" encoding="utf-8"?>
<extension type="plugin" version="3.0" method="upgrade" group="hikashoppayment">
    <name>EMS Online - Bancontact</name>
    <creationDate>08/10/2020</creationDate>
    <version>1.4.1</version>
    <author>Ginger Payments</author>
    <authorEmail>plugins@gingerpayments.com</authorEmail>
    <authorUrl>https://www.gingerpayments.com</authorUrl>
    <copyright>Copyright 2020 - Ginger Payments B.V.</copyright>
    <license>The MIT License (MIT)</license>
    <description>PLG_HIKASHOPPAYMENT_EMSPAYBANCONTACT_DESCRIPTION</description>
    <files>
        <filename plugin="emspaybancontact">emspaybancontact.php</filename>
        <folder>language</folder>
    </files>
    <params addpath="/components/com_hikashop/params">
        <param name="pluginoptions"
               type="pluginoptions"
               default="plugin"
               label="hikashop"
               description="PLG_HIKASHOPPAYMENT_EMSPAYBANCONTACT_OPTIONS"/>
    </params>
    <config>
        <fields name="params" addfieldpath="/components/com_hikashop/fields">
            <fieldset name="basic">
                <field id="pluginoptions"
                       name="pluginoptions"
                       type="pluginoptions"
                       label="hikashop"
                       description="PLG_HIKASHOPPAYMENT_EMSPAYBANCONTACT_OPTIONS"/>
            </fieldset>
        </fields>
    </config>
    <languages folder="language">
        <language tag="en-GB">en-GB/en-GB.plg_hikashoppayment_emspaybancontact.ini</language>
        <language tag="nl-NL">nl-NL/nl-NL.plg_hikashoppayment_emspaybancontact.ini</language>
        <language tag="de-DE">de-DE/de-DE.plg_hikashoppayment_emspaybancontact.ini</language>
        <language tag="fr-FR">fr-FR/fr-FR.plg_hikashoppayment_emspaybancontact.ini</language>
    </languages>
    <media destination="com_hikashop/images/payment" folder="media">
        <filename>emspaybancontact.png</filename>
    </media>
</extension>
